Lead ID,Equipment ID,User ID,Date of Lead,City
1,176,833,31-05-2020,Phoenix
2,330,736,05-10-2021,Phoenix
3,211,926,17-09-2021,Chicago
4,184,264,04-08-2020,Chicago
5,95,661,14-07-2020,Phoenix
6,273,790,10-05-2023,Houston
7,137,274,21-09-2022,Chicago
8,237,706,11-10-2022,Houston
9,353,944,08-10-2021,Phoenix
10,418,172,11-06-2023,Chicago
11,429,265,10-03-2023,Los Angeles
12,472,963,08-12-2021,Phoenix
13,265,822,16-12-2022,Chicago
14,135,26,11-03-2023,Houston
15,144,469,22-12-2021,Houston
16,19,862,01-10-2021,Chicago
17,231,476,15-04-2020,Houston
18,134,356,13-06-2020,Chicago
19,114,26,02-08-2020,Chicago
20,499,34,30-12-2022,Houston
21,139,264,30-03-2020,New York
22,125,138,23-05-2022,Los Angeles
23,204,816,05-06-2023,Phoenix
24,61,695,07-01-2023,Los Angeles
25,250,875,30-08-2021,Phoenix
26,298,754,14-12-2020,Phoenix
27,13,566,12-06-2022,Los Angeles
28,396,462,02-09-2020,Chicago
29,255,168,28-09-2020,Houston
30,85,631,06-02-2021,New York
31,458,655,13-02-2023,New York
32,20,81,29-12-2023,New York
33,50,757,10-04-2023,Los Angeles
34,164,914,05-11-2022,Los Angeles
35,92,864,18-08-2022,Chicago
36,88,870,16-06-2022,New York
37,69,407,15-12-2022,Chicago
38,37,574,31-01-2023,New York
39,253,46,10-10-2020,Los Angeles
40,252,599,31-05-2021,Houston
41,140,611,09-09-2021,Houston
42,355,807,25-07-2023,Houston
43,381,911,03-09-2021,Houston
44,168,53,19-01-2022,Phoenix
45,54,984,16-07-2023,New York
46,386,704,03-02-2021,Houston
47,178,959,26-03-2020,Phoenix
48,297,476,15-11-2020,Phoenix
49,301,592,21-11-2022,Phoenix
50,359,16,01-12-2020,Chicago
51,106,360,20-02-2020,Chicago
52,137,487,07-01-2023,Phoenix
53,190,838,22-06-2020,Houston
54,128,706,15-05-2021,New York
55,342,502,16-03-2020,Los Angeles
56,47,141,11-11-2020,Chicago
57,5,620,28-10-2023,Houston
58,460,815,09-01-2023,Houston
59,257,777,27-11-2021,Los Angeles
60,300,447,06-10-2022,Los Angeles
61,150,290,01-01-2022,Houston
62,294,209,30-12-2022,Los Angeles
63,243,475,26-08-2022,Houston
64,275,413,03-05-2022,Los Angeles
65,208,677,27-10-2021,Los Angeles
66,415,427,13-10-2021,Houston
67,115,854,30-12-2022,Phoenix
68,195,371,15-02-2020,Houston
69,343,832,06-12-2022,New York
70,170,664,16-12-2023,Los Angeles
71,379,967,28-05-2020,Chicago
72,82,290,28-06-2022,Los Angeles
73,154,432,27-02-2023,New York
74,141,268,31-03-2021,Chicago
75,314,151,26-05-2022,Chicago
76,146,719,23-08-2022,Houston
77,323,255,18-05-2022,Phoenix
78,122,353,17-07-2022,Houston
79,252,377,20-10-2022,Chicago
80,343,653,27-09-2022,Chicago
81,387,855,12-02-2022,Phoenix
82,311,358,31-08-2020,Los Angeles
83,89,608,18-04-2021,Phoenix
84,475,941,16-01-2021,Houston
85,58,370,31-01-2023,Los Angeles
86,492,227,03-05-2021,Houston
87,63,705,26-11-2022,Phoenix
88,347,303,18-09-2023,Los Angeles
89,308,826,31-01-2021,Phoenix
90,487,389,22-10-2020,New York
91,473,377,16-04-2020,Chicago
92,382,973,09-05-2022,Los Angeles
93,280,118,11-08-2022,Chicago
94,72,5,13-06-2021,New York
95,9,444,11-01-2023,Los Angeles
96,366,352,22-07-2022,Chicago
97,421,755,14-10-2020,Chicago
98,94,533,06-12-2021,Los Angeles
99,373,664,02-08-2020,Chicago
100,339,640,28-07-2023,Chicago
101,437,124,01-01-2022,Los Angeles
102,336,658,09-12-2020,Chicago
103,152,277,12-07-2020,Chicago
104,492,822,06-06-2020,Houston
105,405,394,09-04-2021,Houston
106,356,664,13-04-2020,New York
107,40,360,03-02-2020,Houston
108,359,623,30-01-2023,Houston
109,495,469,30-09-2021,New York
110,62,985,20-11-2020,Chicago
111,254,628,21-11-2021,Chicago
112,454,700,14-08-2021,Houston
113,69,57,20-05-2020,New York
114,398,251,18-04-2021,Chicago
115,245,896,20-11-2022,Phoenix
116,365,919,02-06-2022,Los Angeles
117,170,150,03-03-2020,Los Angeles
118,178,452,15-01-2023,Los Angeles
119,189,162,30-10-2020,Houston
120,260,120,20-12-2022,Los Angeles
121,72,582,30-01-2021,Los Angeles
122,472,924,29-11-2020,Phoenix
123,459,351,24-02-2022,Chicago
124,17,99,14-02-2021,Phoenix
125,370,167,10-10-2020,Houston
126,341,810,10-04-2021,Los Angeles
127,57,663,20-03-2020,Chicago
128,218,838,22-02-2022,Los Angeles
129,107,976,05-01-2023,Los Angeles
130,304,514,02-01-2022,Houston
131,428,664,16-10-2023,Los Angeles
132,173,401,17-03-2020,New York
133,219,365,23-05-2021,Chicago
134,464,577,02-04-2023,Chicago
135,247,326,29-10-2022,New York
136,218,581,13-04-2023,Houston
137,373,633,06-04-2021,Los Angeles
138,417,621,23-08-2023,Los Angeles
139,31,828,01-09-2020,Chicago
140,368,247,01-05-2020,Houston
141,47,434,03-07-2020,Houston
142,134,93,01-02-2020,Houston
143,108,268,24-09-2022,Los Angeles
144,72,615,31-01-2022,Houston
145,327,943,22-07-2021,New York
146,418,963,05-11-2020,Phoenix
147,108,624,27-10-2023,Houston
148,309,321,09-04-2022,Phoenix
149,398,923,18-09-2022,Los Angeles
150,272,816,15-12-2022,Houston
151,171,856,01-03-2022,Chicago
152,116,62,20-07-2023,Los Angeles
153,329,300,08-04-2021,New York
154,74,403,08-11-2021,New York
155,256,955,05-09-2022,Phoenix
156,81,648,31-10-2021,Phoenix
157,268,567,26-06-2023,Chicago
158,128,620,28-11-2021,Chicago
159,326,303,20-09-2022,New York
160,403,770,18-03-2020,Houston
161,235,253,17-06-2021,New York
162,41,734,17-04-2020,New York
163,181,478,20-07-2023,Chicago
164,157,369,02-02-2022,Phoenix
165,454,679,15-01-2020,Chicago
166,59,941,04-01-2021,Chicago
167,345,160,20-08-2023,Chicago
168,249,961,23-07-2020,New York
169,192,166,10-02-2023,Houston
170,24,205,14-05-2022,New York
171,473,267,30-06-2023,Los Angeles
172,400,138,16-03-2021,Chicago
173,436,368,24-04-2023,Chicago
174,80,443,08-05-2022,Los Angeles
175,134,858,14-08-2020,Chicago
176,421,760,11-06-2021,Chicago
177,213,567,19-12-2020,Chicago
178,388,916,14-09-2021,Los Angeles
179,482,721,21-10-2022,New York
180,348,17,15-07-2022,Chicago
181,166,68,14-12-2023,Houston
182,425,133,30-03-2023,Los Angeles
183,348,700,09-06-2020,Phoenix
184,337,919,20-05-2022,Los Angeles
185,398,430,25-02-2023,New York
186,71,308,20-03-2023,Los Angeles
187,214,650,19-03-2021,Phoenix
188,435,174,07-04-2021,Houston
189,65,412,19-11-2022,Phoenix
190,221,97,17-04-2021,Los Angeles
191,308,683,10-07-2021,Phoenix
192,479,154,20-03-2020,Los Angeles
193,286,695,28-11-2022,Houston
194,185,242,27-08-2020,Houston
195,207,304,10-07-2021,New York
196,466,285,12-08-2021,Houston
197,99,27,22-09-2023,Chicago
198,242,402,27-07-2023,Phoenix
199,158,360,13-02-2023,Phoenix
200,98,60,25-09-2020,Los Angeles
201,42,202,30-11-2020,Houston
202,139,762,07-11-2020,New York
203,283,874,12-12-2022,New York
204,408,581,27-12-2022,New York
205,227,970,24-11-2021,Chicago
206,423,370,03-02-2020,Houston
207,72,533,20-01-2021,New York
208,243,152,05-09-2020,Chicago
209,18,102,08-02-2023,Phoenix
210,77,899,22-01-2023,Los Angeles
211,45,1000,04-12-2023,Houston
212,472,607,17-04-2023,Houston
213,371,446,06-12-2022,Phoenix
214,343,873,04-03-2022,Houston
215,140,229,01-05-2022,Houston
216,177,125,23-05-2022,Houston
217,222,770,10-01-2021,Houston
218,415,834,24-12-2021,Chicago
219,92,999,20-07-2020,Chicago
220,22,881,20-03-2021,Los Angeles
221,172,938,23-10-2020,Houston
222,92,236,24-08-2023,Phoenix
223,192,162,07-05-2021,New York
224,77,554,03-12-2020,Los Angeles
225,281,788,11-07-2022,New York
226,364,353,25-12-2022,New York
227,179,68,02-03-2022,Houston
228,238,173,16-12-2023,Phoenix
229,135,843,19-08-2022,New York
230,365,637,12-11-2020,New York
231,390,682,30-07-2022,Los Angeles
232,280,559,17-09-2021,Phoenix
233,19,261,15-03-2020,Phoenix
234,83,217,27-07-2022,New York
235,228,817,28-02-2020,Phoenix
236,371,124,20-01-2021,Los Angeles
237,265,805,15-01-2020,Los Angeles
238,112,162,08-06-2023,Los Angeles
239,251,201,17-07-2020,Houston
240,164,454,09-10-2023,New York
241,358,402,04-02-2020,Phoenix
242,168,462,10-06-2020,Los Angeles
243,221,275,08-09-2022,New York
244,408,206,09-03-2022,New York
245,304,40,13-06-2022,Houston
246,191,273,15-04-2021,Phoenix
247,325,700,14-06-2021,Phoenix
248,437,867,02-03-2022,Los Angeles
249,438,93,01-05-2022,Los Angeles
250,170,42,17-12-2023,New York
251,375,465,13-12-2020,Phoenix
252,45,379,24-11-2021,Phoenix
253,381,107,23-07-2022,Los Angeles
254,474,328,01-07-2022,Chicago
255,14,65,26-05-2020,New York
256,231,365,29-10-2023,Phoenix
257,157,821,05-11-2021,Houston
258,500,484,10-12-2023,Houston
259,134,647,17-11-2021,Chicago
260,391,901,03-07-2023,Los Angeles
261,37,24,17-08-2022,Los Angeles
262,53,540,16-11-2021,Los Angeles
263,18,62,31-01-2023,Houston
264,471,491,30-04-2020,Los Angeles
265,492,273,22-02-2021,Houston
266,38,229,15-12-2020,Chicago
267,187,20,11-02-2020,New York
268,385,3,22-10-2023,Phoenix
269,196,421,29-01-2020,Chicago
270,243,730,23-08-2022,Houston
271,300,911,23-02-2022,Chicago
272,303,307,14-01-2020,Phoenix
273,35,432,08-07-2022,New York
274,215,136,28-03-2022,Phoenix
275,219,909,04-04-2022,Houston
276,316,944,27-04-2023,Phoenix
277,90,515,21-05-2022,Chicago
278,308,193,21-10-2020,Los Angeles
279,252,585,21-04-2023,Chicago
280,8,415,13-05-2022,Houston
281,256,873,01-07-2021,New York
282,363,118,26-11-2022,Phoenix
283,208,666,04-10-2022,New York
284,425,209,03-11-2022,Houston
285,131,952,26-09-2021,Phoenix
286,224,34,17-08-2021,Chicago
287,197,649,28-03-2023,Chicago
288,468,318,14-09-2023,Houston
289,142,120,05-09-2021,Phoenix
290,252,627,11-01-2023,Chicago
291,96,525,11-11-2022,Houston
292,26,581,01-03-2023,Houston
293,111,937,09-04-2021,New York
294,454,845,18-08-2023,Chicago
295,123,769,12-08-2022,Phoenix
296,186,89,18-07-2022,Chicago
297,484,512,14-07-2023,Chicago
298,168,47,09-03-2022,Chicago
299,51,772,29-01-2021,Houston
300,379,740,17-02-2023,Los Angeles
301,5,959,02-09-2020,Los Angeles
302,77,692,21-07-2021,New York
303,160,522,07-02-2020,Chicago
304,208,284,01-09-2020,Los Angeles
305,257,377,21-01-2020,New York
306,205,638,07-02-2023,Houston
307,255,134,28-01-2021,Chicago
308,438,667,04-12-2023,Phoenix
309,11,248,13-09-2022,Houston
310,437,652,08-01-2020,New York
311,8,318,23-11-2020,Houston
312,409,436,16-10-2020,Phoenix
313,424,176,25-05-2021,Houston
314,32,835,30-06-2022,New York
315,472,686,26-12-2020,Phoenix
316,28,993,16-12-2021,Phoenix
317,206,586,06-08-2020,Houston
318,493,351,09-02-2021,Phoenix
319,387,143,22-01-2022,Houston
320,228,967,11-07-2022,Chicago
321,128,804,11-04-2022,Phoenix
322,255,398,04-03-2022,Houston
323,475,624,28-05-2023,Chicago
324,212,718,17-08-2021,Phoenix
325,239,643,16-04-2020,Chicago
326,207,369,03-08-2021,Phoenix
327,318,501,31-08-2021,New York
328,283,622,02-08-2023,New York
329,245,370,08-01-2020,Houston
330,45,579,16-03-2022,Los Angeles
331,105,382,07-07-2020,New York
332,348,86,21-03-2020,Los Angeles
333,281,787,17-04-2020,Chicago
334,234,739,06-09-2023,Chicago
335,189,460,16-11-2021,Los Angeles
336,44,950,11-12-2020,Houston
337,494,325,23-11-2020,Phoenix
338,225,522,08-07-2021,Los Angeles
339,430,489,28-10-2020,Los Angeles
340,142,929,18-07-2020,Los Angeles
341,136,397,11-06-2022,Los Angeles
342,176,896,13-12-2023,Los Angeles
343,142,355,28-11-2022,Houston
344,449,947,02-11-2020,New York
345,80,288,24-10-2022,Phoenix
346,82,459,05-01-2023,New York
347,135,624,12-04-2021,Los Angeles
348,207,998,27-06-2020,New York
349,344,536,06-10-2021,Houston
350,177,291,02-10-2020,Chicago
351,383,851,21-03-2023,New York
352,243,838,02-04-2023,Phoenix
353,55,168,06-08-2023,Houston
354,141,950,02-11-2023,Chicago
355,457,621,12-09-2021,Houston
356,440,428,29-09-2021,Los Angeles
357,56,702,26-08-2023,Chicago
358,15,490,18-07-2022,Phoenix
359,185,355,13-11-2023,Chicago
360,314,196,01-07-2020,Phoenix
361,419,545,22-08-2023,Los Angeles
362,88,717,12-03-2020,Phoenix
363,97,824,27-05-2023,Houston
364,144,932,19-12-2021,New York
365,8,694,11-04-2023,Houston
366,477,659,19-07-2023,Houston
367,215,939,26-12-2021,Chicago
368,173,780,25-09-2020,Los Angeles
369,223,11,09-11-2022,New York
370,40,582,31-07-2021,Phoenix
371,497,256,21-09-2022,Chicago
372,182,396,25-03-2022,Los Angeles
373,270,731,26-05-2020,New York
374,187,809,23-12-2023,Houston
375,245,409,03-04-2023,Los Angeles
376,478,362,08-06-2022,Los Angeles
377,309,259,05-11-2020,Los Angeles
378,231,3,01-06-2021,Houston
379,383,84,14-01-2020,Phoenix
380,155,156,11-05-2020,Chicago
381,175,663,24-01-2022,Phoenix
382,336,176,14-03-2021,New York
383,115,707,12-01-2022,Chicago
384,390,938,09-01-2022,New York
385,311,472,05-03-2022,Houston
386,481,619,19-09-2020,Phoenix
387,300,424,04-10-2021,Los Angeles
388,18,134,02-06-2023,Chicago
389,272,788,14-09-2020,Los Angeles
390,12,907,11-06-2023,New York
391,404,864,21-09-2023,Los Angeles
392,301,380,12-02-2021,Los Angeles
393,192,667,01-09-2022,Houston
394,232,277,13-11-2022,Houston
395,443,236,27-09-2020,Phoenix
396,93,752,23-01-2023,New York
397,478,882,21-05-2020,Houston
398,218,13,20-06-2022,Houston
399,278,342,31-08-2022,Phoenix
400,353,35,09-01-2023,Chicago
401,487,559,30-09-2020,Phoenix
402,303,214,02-10-2020,Los Angeles
403,29,412,09-04-2021,Los Angeles
404,470,405,16-05-2023,Houston
405,301,494,12-08-2023,Houston
406,77,658,28-11-2022,Phoenix
407,9,159,14-10-2020,Phoenix
408,24,956,21-02-2023,New York
409,15,637,25-05-2022,Los Angeles
410,164,110,30-07-2023,Phoenix
411,13,549,27-05-2022,Chicago
412,347,789,28-06-2020,New York
413,172,526,25-01-2023,Phoenix
414,357,985,29-04-2023,Houston
415,327,347,02-01-2023,Phoenix
416,200,744,22-03-2021,Houston
417,485,828,23-02-2022,Houston
418,489,636,14-07-2021,Los Angeles
419,462,279,28-04-2021,Los Angeles
420,378,479,28-04-2022,Phoenix
421,76,111,22-12-2021,Phoenix
422,164,636,25-04-2020,Chicago
423,372,925,18-06-2021,New York
424,61,431,26-01-2023,New York
425,488,542,13-09-2023,Phoenix
426,465,115,10-02-2021,Los Angeles
427,424,90,29-08-2023,Chicago
428,245,212,24-11-2021,New York
429,477,550,17-03-2023,Phoenix
430,382,595,27-09-2023,Los Angeles
431,155,539,09-05-2021,Los Angeles
432,257,729,05-08-2022,Los Angeles
433,244,360,23-01-2020,Houston
434,162,486,02-02-2023,Los Angeles
435,68,372,11-07-2021,Phoenix
436,344,215,29-07-2022,Chicago
437,277,733,30-05-2023,Phoenix
438,161,15,04-05-2022,Los Angeles
439,391,955,04-11-2022,Chicago
440,449,259,09-06-2022,New York
441,489,778,18-03-2020,New York
442,259,463,07-09-2023,Phoenix
443,492,120,17-03-2022,Chicago
444,307,976,18-06-2023,Phoenix
445,335,913,07-11-2022,Chicago
446,95,128,06-02-2022,Chicago
447,438,723,29-03-2021,Phoenix
448,464,523,16-07-2022,Chicago
449,458,688,03-10-2020,Los Angeles
450,246,645,18-12-2023,Chicago
451,221,325,16-11-2022,Chicago
452,123,320,28-05-2021,Phoenix
453,187,506,08-04-2021,New York
454,262,526,17-03-2022,Houston
455,413,50,03-04-2022,Chicago
456,273,922,28-12-2020,Houston
457,373,584,07-11-2023,Chicago
458,60,69,20-01-2022,Phoenix
459,406,391,08-06-2021,Phoenix
460,408,383,06-11-2023,Chicago
461,125,16,22-04-2023,Phoenix
462,337,439,02-05-2023,Phoenix
463,341,846,25-02-2020,Chicago
464,51,869,07-06-2023,New York
465,178,568,03-05-2021,Chicago
466,139,617,17-11-2022,New York
467,440,132,22-12-2021,Phoenix
468,327,996,22-04-2023,New York
469,170,560,19-12-2023,Phoenix
470,39,248,30-10-2023,New York
471,69,273,10-02-2020,New York
472,236,623,30-09-2022,Chicago
473,48,932,16-09-2020,New York
474,381,838,16-03-2021,Phoenix
475,57,848,14-07-2022,Chicago
476,277,349,05-05-2022,New York
477,338,484,24-03-2020,Chicago
478,99,550,15-02-2020,Houston
479,404,357,15-03-2021,Chicago
480,15,752,12-09-2022,Houston
481,325,318,15-05-2020,Houston
482,461,633,21-04-2023,Chicago
483,179,48,10-04-2023,Phoenix
484,332,10,27-06-2022,Phoenix
485,62,233,10-05-2022,Phoenix
486,119,36,26-02-2022,Los Angeles
487,469,413,12-08-2021,Houston
488,37,462,13-08-2022,Chicago
489,134,4,20-11-2021,Phoenix
490,455,44,22-06-2021,Phoenix
491,26,568,17-02-2023,Chicago
492,490,554,28-07-2023,Houston
493,496,255,24-08-2023,Chicago
494,8,740,08-12-2021,Los Angeles
495,457,114,24-07-2023,Los Angeles
496,475,749,21-10-2020,Chicago
497,4,397,22-02-2020,Houston
498,21,174,16-03-2022,Phoenix
499,415,255,26-12-2023,Los Angeles
500,149,466,21-02-2020,Los Angeles
501,488,929,28-12-2021,Houston
502,25,277,12-03-2020,Los Angeles
503,487,464,28-01-2020,Los Angeles
504,143,847,13-04-2021,Houston
505,245,502,02-02-2022,Chicago
506,419,441,04-06-2022,Phoenix
507,433,69,30-06-2022,Phoenix
508,43,509,30-06-2021,Los Angeles
509,425,326,25-11-2023,Phoenix
510,293,742,19-07-2020,Chicago
511,185,67,30-03-2022,Los Angeles
512,42,304,13-07-2021,Phoenix
513,431,972,13-01-2021,New York
514,92,484,15-04-2023,New York
515,317,929,11-12-2022,New York
516,398,548,19-03-2020,New York
517,324,417,09-11-2023,New York
518,53,159,13-04-2022,Los Angeles
519,84,149,28-10-2022,Houston
520,34,27,22-05-2023,Houston
521,76,987,25-01-2020,Los Angeles
522,353,584,25-03-2021,Los Angeles
523,408,248,06-02-2022,Chicago
524,404,101,24-01-2022,Houston
525,197,702,16-07-2020,New York
526,486,96,22-01-2023,Los Angeles
527,286,384,12-03-2021,New York
528,88,282,20-11-2021,Houston
529,235,322,02-11-2023,Phoenix
530,232,396,09-08-2021,Phoenix
531,7,278,13-04-2020,Los Angeles
532,292,529,18-09-2021,Chicago
533,38,263,28-11-2022,New York
534,464,619,02-04-2021,Los Angeles
535,52,580,29-12-2020,Chicago
536,143,640,14-05-2020,New York
537,430,293,08-01-2021,Houston
538,407,294,09-06-2023,Phoenix
539,396,608,08-02-2020,Chicago
540,221,395,29-03-2022,New York
541,428,513,16-02-2020,Los Angeles
542,240,921,05-02-2020,New York
543,143,810,04-04-2020,Los Angeles
544,349,180,11-09-2022,Phoenix
545,493,920,16-10-2023,Phoenix
546,363,693,15-03-2023,New York
547,382,235,02-01-2021,New York
548,49,952,05-03-2020,Los Angeles
549,277,831,05-06-2023,Los Angeles
550,271,337,23-01-2022,Chicago
551,14,8,26-03-2022,Chicago
552,298,443,25-01-2022,Chicago
553,492,941,29-06-2020,New York
554,464,539,19-08-2021,Chicago
555,15,820,24-03-2023,New York
556,234,658,25-02-2022,Phoenix
557,63,91,18-09-2021,Houston
558,196,854,29-12-2023,Phoenix
559,27,272,27-01-2023,New York
560,471,834,07-09-2021,New York
561,93,5,27-10-2023,Houston
562,105,594,17-10-2023,Los Angeles
563,309,899,21-04-2020,Los Angeles
564,52,219,28-03-2021,Los Angeles
565,319,118,25-01-2022,Chicago
566,457,593,07-04-2023,Los Angeles
567,181,976,06-08-2021,Chicago
568,57,582,18-05-2020,Chicago
569,120,115,18-08-2020,Los Angeles
570,308,263,16-06-2023,Los Angeles
571,363,306,10-09-2022,Houston
572,43,654,09-09-2020,Houston
573,135,422,30-12-2023,Chicago
574,373,1000,14-07-2021,Houston
575,426,207,16-12-2023,Chicago
576,260,623,19-08-2023,New York
577,197,303,12-03-2020,Chicago
578,133,112,10-07-2023,Chicago
579,459,417,09-08-2020,Houston
580,255,555,05-01-2023,New York
581,489,859,02-03-2020,Phoenix
582,220,285,26-03-2023,Phoenix
583,336,640,16-03-2022,Phoenix
584,41,185,04-05-2020,New York
585,478,741,10-01-2022,Los Angeles
586,388,901,09-06-2020,New York
587,255,221,24-06-2021,Houston
588,2,864,17-09-2021,Chicago
589,494,444,15-04-2020,Chicago
590,195,117,28-02-2023,Houston
591,242,70,12-10-2023,Houston
592,149,898,14-02-2022,Chicago
593,198,70,02-01-2020,Los Angeles
594,299,622,20-08-2020,Los Angeles
595,245,427,03-01-2021,Los Angeles
596,338,644,28-06-2023,Houston
597,108,568,03-08-2022,Chicago
598,453,989,05-02-2023,Chicago
599,393,443,23-07-2023,Chicago
600,212,601,28-06-2020,New York
601,156,137,19-10-2020,New York
602,26,504,06-08-2021,Phoenix
603,82,131,05-03-2022,New York
604,83,218,23-06-2020,Los Angeles
605,131,688,02-05-2020,Los Angeles
606,329,171,14-08-2020,Los Angeles
607,100,475,19-03-2021,Los Angeles
608,256,612,03-03-2021,Phoenix
609,479,992,11-01-2023,Los Angeles
610,49,129,03-02-2022,Houston
611,401,57,23-09-2021,Houston
612,63,181,05-03-2020,Houston
613,311,246,28-07-2023,New York
614,407,144,15-11-2023,Chicago
615,290,51,03-03-2021,Phoenix
616,105,368,09-09-2021,Houston
617,105,459,13-07-2022,Houston
618,325,218,22-03-2022,Los Angeles
619,15,616,16-04-2020,Houston
620,175,895,20-10-2021,Los Angeles
621,259,567,09-07-2023,Los Angeles
622,211,257,28-03-2023,Chicago
623,412,858,21-09-2020,New York
624,259,156,10-05-2023,Los Angeles
625,102,565,03-06-2020,Los Angeles
626,260,442,02-11-2022,Chicago
627,344,841,13-08-2023,Los Angeles
628,159,956,14-06-2022,Phoenix
629,45,699,19-09-2022,New York
630,443,876,01-09-2020,Phoenix
631,301,662,16-08-2023,Houston
632,251,776,17-10-2023,New York
633,331,762,09-10-2023,Houston
634,165,945,20-01-2021,Los Angeles
635,193,810,28-01-2022,Chicago
636,9,923,28-08-2023,Phoenix
637,401,935,17-02-2021,Houston
638,374,723,25-07-2023,Los Angeles
639,65,25,15-12-2021,Phoenix
640,387,806,28-01-2022,Phoenix
641,495,853,16-01-2022,Houston
642,282,664,15-08-2021,Los Angeles
643,181,536,11-10-2023,Chicago
644,415,764,18-04-2022,Houston
645,282,60,16-01-2020,Phoenix
646,279,467,19-09-2022,Phoenix
647,30,434,04-12-2022,New York
648,266,879,06-09-2023,Los Angeles
649,328,66,12-10-2021,New York
650,492,910,11-09-2023,Chicago
651,217,565,27-05-2020,Houston
652,320,928,20-12-2020,Phoenix
653,406,106,13-06-2023,Los Angeles
654,399,96,03-12-2021,Phoenix
655,379,988,04-09-2021,New York
656,105,688,14-04-2020,New York
657,184,551,30-01-2021,Houston
658,330,168,28-08-2021,Los Angeles
659,148,42,28-05-2023,Los Angeles
660,105,879,30-04-2022,Houston
661,47,104,17-03-2021,New York
662,87,845,22-05-2022,New York
663,309,204,28-10-2021,New York
664,437,520,17-11-2022,Phoenix
665,129,975,04-03-2022,Chicago
666,258,282,19-04-2021,New York
667,314,908,19-09-2021,Chicago
668,147,43,21-08-2023,Chicago
669,446,947,29-11-2023,Los Angeles
670,462,110,16-05-2021,Houston
671,72,987,13-12-2020,Phoenix
672,486,210,17-06-2023,Chicago
673,140,749,14-10-2022,Phoenix
674,410,868,23-07-2021,Los Angeles
675,27,831,25-11-2021,New York
676,29,49,22-09-2023,Chicago
677,271,115,26-01-2020,Houston
678,174,155,03-12-2023,Los Angeles
679,253,649,05-01-2023,Phoenix
680,385,503,04-08-2020,New York
681,60,679,13-09-2023,Phoenix
682,107,833,16-04-2022,Houston
683,220,711,12-02-2022,Chicago
684,441,986,12-11-2022,Houston
685,259,71,31-10-2021,Phoenix
686,371,519,18-12-2021,Phoenix
687,146,712,05-11-2020,Houston
688,52,336,21-08-2021,Houston
689,60,67,23-09-2020,Houston
690,34,493,09-12-2023,New York
691,96,650,07-10-2021,Phoenix
692,477,754,14-07-2023,Los Angeles
693,89,967,18-09-2023,New York
694,316,213,19-10-2022,New York
695,410,181,25-03-2021,New York
696,231,766,18-07-2021,Los Angeles
697,456,613,24-06-2023,Houston
698,275,863,25-11-2022,Phoenix
699,246,599,25-11-2023,Chicago
700,111,697,28-01-2020,Chicago
701,234,603,07-08-2020,Phoenix
702,278,248,09-02-2021,Los Angeles
703,477,214,27-09-2020,Chicago
704,417,359,02-03-2022,New York
705,166,249,20-08-2022,Chicago
706,128,638,02-08-2023,Phoenix
707,237,923,13-04-2022,New York
708,494,950,12-11-2020,Chicago
709,291,881,13-08-2023,Phoenix
710,107,516,03-12-2020,Los Angeles
711,128,88,23-08-2023,Phoenix
712,195,663,22-12-2023,Los Angeles
713,339,176,16-12-2020,New York
714,394,723,25-05-2021,Phoenix
715,475,426,08-06-2021,Houston
716,143,771,06-05-2021,Houston
717,395,603,09-01-2020,Houston
718,111,771,14-07-2021,Houston
719,90,924,15-03-2021,Houston
720,251,703,02-03-2022,Los Angeles
721,280,81,05-02-2023,Phoenix
722,333,927,22-06-2023,New York
723,224,138,02-07-2023,Houston
724,101,433,02-02-2020,Houston
725,132,470,12-11-2022,New York
726,13,350,24-04-2022,New York
727,457,126,19-07-2021,Houston
728,441,881,18-02-2020,Los Angeles
729,497,917,06-04-2021,New York
730,98,868,12-08-2021,Phoenix
731,120,309,01-12-2020,Phoenix
732,293,855,13-10-2023,Los Angeles
733,304,230,19-02-2023,Chicago
734,199,460,24-12-2020,Los Angeles
735,1,345,11-12-2020,Houston
736,60,310,11-07-2020,Chicago
737,250,953,10-12-2023,Houston
738,140,20,01-11-2023,Phoenix
739,149,881,25-01-2022,New York
740,395,561,15-03-2023,Houston
741,44,647,22-04-2021,Phoenix
742,371,541,07-04-2022,Los Angeles
743,186,560,08-06-2022,Houston
744,108,477,14-10-2021,Phoenix
745,44,269,11-02-2021,New York
746,78,3,12-10-2020,Houston
747,226,770,30-04-2022,Phoenix
748,162,16,20-04-2020,Houston
749,281,606,11-09-2021,New York
750,253,358,03-03-2022,Houston
751,132,646,19-02-2020,Houston
752,448,813,03-11-2022,Phoenix
753,372,839,03-03-2023,Chicago
754,375,133,10-08-2021,Houston
755,474,312,18-08-2021,Chicago
756,144,967,28-09-2023,Los Angeles
757,266,482,31-10-2021,Houston
758,109,895,02-08-2023,Chicago
759,194,544,09-11-2020,Los Angeles
760,35,305,28-08-2021,Phoenix
761,467,269,23-10-2020,Houston
762,390,414,22-07-2021,Phoenix
763,275,25,02-04-2023,Los Angeles
764,187,981,11-04-2022,Phoenix
765,437,316,01-09-2021,Phoenix
766,500,571,16-01-2020,New York
767,243,725,29-09-2023,Los Angeles
768,264,668,06-01-2023,Phoenix
769,462,826,01-10-2023,Chicago
770,10,276,12-03-2020,Los Angeles
771,451,930,26-09-2020,New York
772,166,389,13-10-2020,Houston
773,29,722,06-03-2020,Phoenix
774,271,444,29-05-2022,Chicago
775,87,999,08-03-2020,New York
776,23,427,01-05-2023,Los Angeles
777,210,57,14-12-2022,Phoenix
778,46,697,06-09-2022,New York
779,467,971,03-11-2023,New York
780,28,566,31-08-2022,Chicago
781,26,721,06-04-2023,Houston
782,266,368,03-12-2023,Houston
783,175,941,22-05-2021,Houston
784,4,342,16-04-2022,Los Angeles
785,311,805,30-01-2023,New York
786,322,852,04-06-2022,Los Angeles
787,67,304,04-03-2022,New York
788,135,764,25-02-2021,Chicago
789,55,374,13-02-2022,Chicago
790,464,950,22-04-2021,Los Angeles
791,31,816,14-07-2022,Los Angeles
792,74,112,29-04-2020,Chicago
793,19,878,07-08-2023,Phoenix
794,156,6,02-05-2021,Houston
795,337,930,30-03-2023,Houston
796,156,703,18-03-2020,Chicago
797,147,846,27-11-2022,Houston
798,485,944,18-11-2023,Phoenix
799,87,279,16-03-2021,Phoenix
800,20,382,06-04-2021,New York
801,269,852,03-09-2021,Los Angeles
802,333,13,10-08-2023,Houston
803,43,303,24-11-2023,Phoenix
804,395,556,05-07-2022,Los Angeles
805,432,617,20-01-2023,Los Angeles
806,399,160,31-08-2021,New York
807,401,154,06-01-2020,Los Angeles
808,438,754,11-11-2021,Los Angeles
809,306,181,13-06-2022,Chicago
810,28,526,27-09-2020,New York
811,467,180,21-03-2022,New York
812,260,377,12-07-2021,Houston
813,22,804,08-04-2020,Los Angeles
814,470,776,09-06-2021,Houston
815,375,168,12-07-2020,Phoenix
816,101,214,26-03-2023,Los Angeles
817,39,150,12-02-2023,Phoenix
818,290,16,30-01-2021,Chicago
819,353,91,08-02-2022,Los Angeles
820,300,120,20-10-2022,Houston
821,170,956,29-05-2022,Houston
822,296,253,22-05-2023,Los Angeles
823,353,60,14-01-2022,Houston
824,396,266,13-11-2021,Los Angeles
825,130,409,15-01-2020,New York
826,156,31,13-12-2023,Houston
827,74,21,02-01-2021,Los Angeles
828,342,731,29-09-2021,Los Angeles
829,465,593,02-05-2022,Houston
830,90,289,21-05-2023,New York
831,67,543,30-11-2021,Houston
832,455,498,05-01-2020,Los Angeles
833,236,746,18-08-2020,New York
834,200,474,09-05-2023,Phoenix
835,468,405,26-11-2023,Chicago
836,332,548,18-03-2023,Houston
837,227,961,08-10-2022,Los Angeles
838,465,132,03-06-2023,New York
839,348,324,08-08-2021,New York
840,233,858,17-06-2020,Phoenix
841,266,132,30-01-2022,Houston
842,86,521,02-03-2022,New York
843,102,30,26-09-2022,Phoenix
844,441,627,31-05-2020,Los Angeles
845,481,301,12-10-2022,Phoenix
846,214,4,11-08-2020,Houston
847,108,325,18-05-2021,Phoenix
848,165,509,13-02-2020,New York
849,461,237,27-11-2021,New York
850,91,535,18-05-2021,Chicago
851,192,16,18-06-2023,Phoenix
852,335,534,18-07-2022,Los Angeles
853,86,997,22-04-2022,Houston
854,222,584,16-12-2020,Chicago
855,363,816,23-01-2020,Phoenix
856,424,446,20-08-2021,Los Angeles
857,101,993,02-12-2022,Chicago
858,226,503,10-04-2021,New York
859,364,956,09-02-2020,Houston
860,60,230,29-10-2020,Phoenix
861,482,107,23-06-2020,Los Angeles
862,250,720,25-09-2022,New York
863,48,389,12-09-2021,Chicago
864,117,720,01-05-2023,Houston
865,227,263,31-08-2020,Chicago
866,362,563,15-04-2022,Chicago
867,403,65,06-10-2020,Los Angeles
868,456,265,25-11-2022,New York
869,487,338,10-07-2021,Phoenix
870,33,301,16-06-2022,Los Angeles
871,44,378,23-03-2023,Houston
872,476,175,12-11-2022,Chicago
873,165,963,19-12-2021,Houston
874,368,152,20-07-2022,Los Angeles
875,345,476,31-03-2020,Los Angeles
876,292,266,24-01-2021,Phoenix
877,337,329,14-10-2023,Chicago
878,344,973,03-07-2021,Los Angeles
879,405,816,19-07-2022,Houston
880,386,163,05-06-2023,Phoenix
881,287,438,10-05-2023,Houston
882,364,343,05-10-2023,Chicago
883,225,367,27-11-2022,Phoenix
884,286,465,02-01-2022,Phoenix
885,204,750,14-05-2021,Phoenix
886,172,199,02-12-2022,New York
887,12,500,20-05-2022,Phoenix
888,307,16,31-05-2021,Houston
889,121,821,08-03-2020,Houston
890,433,296,02-05-2020,Chicago
891,244,868,01-12-2020,Los Angeles
892,152,511,22-03-2023,Los Angeles
893,152,788,31-08-2022,New York
894,188,984,17-02-2022,Phoenix
895,395,239,31-03-2023,New York
896,13,581,22-05-2023,Chicago
897,91,301,31-10-2023,Chicago
898,200,6,26-02-2021,Los Angeles
899,74,220,27-07-2022,Chicago
900,256,766,14-03-2022,Phoenix
901,456,453,25-09-2021,Houston
902,448,433,07-06-2023,Chicago
903,276,807,18-12-2022,New York
904,328,870,05-04-2020,Phoenix
905,329,386,09-07-2023,Chicago
906,71,619,19-12-2020,Chicago
907,78,295,28-08-2023,Phoenix
908,284,118,05-03-2023,Chicago
909,130,405,24-08-2022,Houston
910,377,680,11-07-2022,Los Angeles
911,43,997,17-04-2021,Phoenix
912,8,763,05-03-2021,New York
913,13,594,01-09-2022,Chicago
914,213,566,20-06-2021,Los Angeles
915,111,752,15-03-2023,New York
916,476,878,27-03-2020,New York
917,291,12,18-04-2020,Houston
918,23,209,17-12-2023,Los Angeles
919,302,165,30-09-2023,Phoenix
920,254,878,13-07-2023,Los Angeles
921,15,294,20-09-2022,Los Angeles
922,130,911,18-09-2023,New York
923,61,519,01-04-2022,Houston
924,115,78,07-12-2023,Houston
925,460,434,25-07-2022,Los Angeles
926,320,577,01-10-2022,Los Angeles
927,308,614,10-10-2021,Chicago
928,420,963,09-07-2020,New York
929,451,869,21-07-2022,Phoenix
930,325,812,21-05-2020,Phoenix
931,67,799,01-01-2023,Houston
932,249,683,19-04-2022,New York
933,175,77,05-04-2023,Houston
934,339,48,16-06-2020,Phoenix
935,2,767,19-07-2021,Los Angeles
936,172,82,06-07-2023,New York
937,485,895,08-02-2023,New York
938,448,721,13-01-2022,Chicago
939,465,209,03-11-2021,Los Angeles
940,334,445,13-05-2022,Los Angeles
941,284,971,18-04-2022,Houston
942,475,596,14-06-2021,New York
943,54,522,06-08-2023,Houston
944,458,29,31-08-2022,Los Angeles
945,67,304,15-07-2021,Chicago
946,420,994,23-06-2020,New York
947,102,465,28-10-2020,Los Angeles
948,120,502,03-07-2020,Chicago
949,191,446,24-09-2023,Phoenix
950,409,628,24-05-2021,Los Angeles
951,470,490,29-03-2022,Phoenix
952,304,781,26-08-2023,Houston
953,423,428,01-10-2023,Phoenix
954,47,559,09-01-2023,Los Angeles
955,222,359,29-10-2023,Phoenix
956,21,960,04-06-2020,New York
957,158,91,25-02-2022,Los Angeles
958,348,53,05-03-2022,Chicago
959,159,730,07-03-2021,Phoenix
960,377,860,30-01-2022,New York
961,372,589,26-05-2020,Houston
962,410,204,25-04-2021,Houston
963,235,556,10-03-2021,Phoenix
964,150,156,09-03-2020,Houston
965,405,2,24-05-2022,Chicago
966,257,357,04-07-2020,Los Angeles
967,165,825,22-06-2022,New York
968,77,569,12-11-2021,Phoenix
969,85,802,22-07-2020,Houston
970,46,983,07-07-2021,Los Angeles
971,393,58,13-01-2020,Chicago
972,401,254,27-10-2021,Houston
973,47,180,21-07-2023,Houston
974,213,493,14-08-2023,New York
975,479,669,20-02-2020,Chicago
976,487,35,14-05-2021,Chicago
977,59,75,03-01-2021,Phoenix
978,54,944,24-12-2021,New York
979,342,289,22-12-2020,Phoenix
980,12,371,23-10-2022,New York
981,192,587,01-07-2023,Chicago
982,6,329,26-04-2022,New York
983,309,590,12-09-2020,New York
984,144,767,19-03-2023,New York
985,346,777,05-10-2020,Los Angeles
986,261,999,18-12-2022,Los Angeles
987,73,304,21-03-2021,Chicago
988,174,579,22-04-2020,New York
989,232,221,15-04-2022,Chicago
990,270,979,24-01-2022,Los Angeles
991,428,164,01-12-2023,New York
992,447,480,01-01-2021,Phoenix
993,362,455,19-12-2022,Los Angeles
994,222,375,24-11-2020,Los Angeles
995,52,220,28-12-2021,Los Angeles
996,116,684,02-10-2022,New York
997,26,254,20-12-2021,Houston
998,53,722,22-12-2022,Phoenix
999,365,188,02-07-2020,Phoenix
1000,29,191,19-10-2022,Chicago
1001,19,389,06-11-2020,New York
1002,303,215,25-06-2020,Los Angeles
1003,392,375,23-12-2023,Houston
1004,279,86,01-01-2023,New York
1005,117,474,26-04-2022,New York
1006,106,618,05-04-2023,Houston
1007,419,844,02-06-2023,Los Angeles
1008,479,808,09-01-2020,New York
1009,309,531,23-08-2020,Phoenix
1010,227,47,10-12-2021,Phoenix
1011,352,65,12-07-2022,Houston
1012,186,963,15-11-2021,Los Angeles
1013,261,475,04-03-2022,Houston
1014,16,146,17-11-2022,New York
1015,273,946,18-03-2022,Phoenix
1016,160,798,27-01-2020,Chicago
1017,358,382,03-07-2021,Houston
1018,250,66,04-05-2023,Chicago
1019,224,517,11-05-2023,Chicago
1020,256,93,25-03-2020,Phoenix
1021,180,865,19-11-2022,Houston
1022,20,426,10-04-2021,Chicago
1023,112,468,27-01-2023,New York
1024,120,94,28-04-2023,Los Angeles
1025,194,618,12-01-2020,Los Angeles
1026,468,133,09-10-2022,Phoenix
1027,111,434,19-11-2022,Houston
1028,210,341,27-11-2022,Houston
1029,1,314,25-07-2021,Los Angeles
1030,58,591,10-08-2023,New York
1031,93,212,15-10-2023,Los Angeles
1032,221,520,02-07-2022,Los Angeles
1033,211,159,28-06-2020,Houston
1034,428,268,07-03-2022,Chicago
1035,232,661,09-02-2023,New York
1036,262,862,10-11-2022,Houston
1037,364,958,14-03-2023,Los Angeles
1038,103,603,15-03-2023,Chicago
1039,50,748,16-03-2021,New York
1040,374,474,05-06-2022,Phoenix
1041,110,801,24-02-2021,New York
1042,456,410,01-09-2023,New York
1043,88,474,04-04-2023,Los Angeles
1044,20,356,11-05-2023,Los Angeles
1045,14,680,12-04-2021,Phoenix
1046,133,193,13-12-2021,Phoenix
1047,425,699,19-01-2021,Phoenix
1048,296,271,09-11-2020,Houston
1049,34,114,09-02-2022,Houston
1050,380,897,02-07-2023,Los Angeles
1051,208,523,16-08-2022,Los Angeles
1052,301,55,05-07-2022,Phoenix
1053,199,770,23-01-2020,Houston
1054,80,65,04-12-2020,Chicago
1055,71,991,02-04-2022,Houston
1056,155,684,31-12-2020,Los Angeles
1057,78,272,27-10-2023,Houston
1058,78,502,03-07-2022,Los Angeles
1059,172,662,27-05-2023,Phoenix
1060,289,362,19-04-2021,Phoenix
1061,33,146,17-12-2023,Phoenix
1062,300,943,11-10-2023,Chicago
1063,276,209,27-01-2020,Chicago
1064,367,286,30-07-2022,Los Angeles
1065,420,10,12-03-2022,New York
1066,7,739,11-03-2022,Chicago
1067,160,186,09-05-2022,Los Angeles
1068,240,574,31-05-2023,Houston
1069,451,597,13-05-2022,Phoenix
1070,423,464,20-11-2021,Phoenix
1071,477,134,17-03-2023,Phoenix
1072,24,835,18-12-2023,Los Angeles
1073,214,809,08-01-2022,Phoenix
1074,70,171,06-10-2023,Chicago
1075,368,213,24-04-2023,Houston
1076,216,973,18-02-2021,Phoenix
1077,104,530,08-09-2022,Los Angeles
1078,215,826,04-03-2021,Houston
1079,54,502,10-02-2020,Phoenix
1080,294,572,23-06-2022,New York
1081,330,600,08-10-2022,Phoenix
1082,336,27,17-11-2023,Chicago
1083,203,68,03-12-2021,Houston
1084,288,790,19-03-2020,Chicago
1085,45,408,17-12-2021,New York
1086,317,552,27-06-2021,New York
1087,198,109,18-04-2021,Chicago
1088,216,74,11-03-2023,Houston
1089,481,578,28-06-2023,New York
1090,309,680,20-10-2020,New York
1091,384,262,01-09-2021,Phoenix
1092,435,368,15-05-2020,Los Angeles
1093,332,786,28-04-2021,New York
1094,184,849,28-08-2023,Houston
1095,27,870,24-03-2022,Houston
1096,166,237,08-07-2021,Phoenix
1097,318,727,15-02-2020,Houston
1098,274,366,13-06-2023,Phoenix
1099,383,286,07-12-2022,New York
1100,365,378,16-07-2020,New York
1101,103,661,24-03-2020,New York
1102,448,830,26-06-2021,New York
1103,333,906,30-03-2023,Los Angeles
1104,373,376,22-12-2023,Los Angeles
1105,104,619,11-03-2020,New York
1106,414,653,03-06-2021,Houston
1107,245,76,16-06-2022,Phoenix
1108,305,9,01-07-2022,Chicago
1109,169,196,11-12-2022,Phoenix
1110,116,807,04-12-2022,Chicago
1111,141,792,19-10-2020,Chicago
1112,418,893,26-07-2022,New York
1113,356,630,22-03-2022,Chicago
1114,478,290,16-05-2022,New York
1115,125,999,14-01-2021,Los Angeles
1116,25,61,03-10-2022,Houston
1117,194,937,18-09-2020,Chicago
1118,384,389,02-08-2021,Houston
1119,100,847,17-04-2023,New York
1120,402,818,22-12-2020,Chicago
1121,5,900,13-12-2023,Phoenix
1122,19,563,28-11-2021,Los Angeles
1123,170,564,09-05-2023,Los Angeles
1124,274,634,02-11-2022,Chicago
1125,254,679,18-03-2021,Los Angeles
1126,121,8,26-12-2021,Phoenix
1127,32,369,12-10-2020,Houston
1128,149,45,05-07-2023,Phoenix
1129,266,344,23-07-2021,Los Angeles
1130,37,757,19-04-2022,Houston
1131,177,796,12-05-2021,Phoenix
1132,342,375,05-12-2021,New York
1133,13,619,18-09-2023,New York
1134,183,27,15-07-2021,Houston
1135,145,193,01-02-2020,Houston
1136,265,930,12-02-2020,Houston
1137,88,849,06-10-2023,New York
1138,428,357,19-09-2023,Phoenix
1139,462,62,12-07-2021,Houston
1140,46,62,26-09-2020,New York
1141,392,422,07-12-2023,Houston
1142,119,794,31-07-2022,Houston
1143,421,633,08-11-2022,Houston
1144,19,792,02-10-2023,New York
1145,447,551,06-02-2020,Phoenix
1146,220,380,01-04-2020,New York
1147,430,277,03-07-2020,New York
1148,233,606,28-12-2021,Houston
1149,94,431,17-11-2022,Chicago
1150,455,115,06-01-2021,Chicago
1151,251,688,11-04-2022,Chicago
1152,250,121,10-12-2020,New York
1153,282,525,13-12-2023,Houston
1154,232,997,04-05-2023,Chicago
1155,46,899,18-03-2020,Los Angeles
1156,374,416,15-06-2020,Los Angeles
1157,46,163,18-01-2023,Los Angeles
1158,459,787,20-09-2020,Phoenix
1159,14,910,16-05-2023,Houston
1160,85,688,24-12-2021,New York
1161,319,982,18-07-2023,New York
1162,328,337,10-07-2023,Houston
1163,3,379,26-05-2021,Phoenix
1164,28,324,29-07-2021,Houston
1165,381,173,22-12-2021,Phoenix
1166,157,1000,28-08-2023,Chicago
1167,343,787,12-04-2023,Chicago
1168,402,64,06-03-2021,Phoenix
1169,419,101,06-02-2022,Houston
1170,333,322,07-04-2021,Chicago
1171,332,975,10-04-2020,Houston
1172,175,66,05-11-2022,Chicago
1173,114,843,05-07-2023,Houston
1174,389,557,31-08-2020,Houston
1175,487,599,03-10-2023,Los Angeles
1176,331,458,26-06-2023,Phoenix
1177,250,579,14-04-2020,New York
1178,59,453,24-11-2021,Phoenix
1179,203,259,03-08-2023,Houston
1180,315,934,07-04-2023,Houston
1181,239,717,14-12-2023,Phoenix
1182,234,426,06-12-2022,Houston
1183,303,979,02-12-2022,Chicago
1184,95,936,06-09-2023,Houston
1185,479,178,28-03-2022,Phoenix
1186,141,931,08-08-2020,Phoenix
1187,334,280,23-05-2020,Phoenix
1188,113,344,08-06-2022,Los Angeles
1189,109,17,17-11-2022,Los Angeles
1190,362,296,28-02-2022,Los Angeles
1191,345,202,06-07-2021,Los Angeles
1192,289,962,23-04-2022,Los Angeles
1193,97,684,20-10-2021,Los Angeles
1194,446,919,16-04-2022,Los Angeles
1195,335,774,15-10-2022,Phoenix
1196,16,194,05-04-2023,New York
1197,44,149,20-01-2022,Los Angeles
1198,442,375,05-09-2020,Phoenix
1199,376,888,13-02-2022,New York
1200,230,35,02-02-2022,Los Angeles
1201,390,369,12-10-2023,New York
1202,108,29,08-02-2023,New York
1203,217,775,22-11-2021,Chicago
1204,399,221,30-03-2022,Houston
1205,260,53,19-12-2021,Chicago
1206,312,933,21-08-2020,New York
1207,320,791,24-01-2020,Phoenix
1208,196,353,15-11-2022,Los Angeles
1209,478,392,05-11-2023,Houston
1210,418,76,02-10-2022,Los Angeles
1211,475,494,01-10-2023,Phoenix
1212,95,688,02-11-2023,Houston
1213,56,522,05-06-2021,Chicago
1214,32,975,17-01-2020,New York
1215,492,117,01-09-2020,Phoenix
1216,231,280,18-12-2021,New York
1217,372,730,08-02-2022,New York
1218,9,175,17-12-2021,Los Angeles
1219,191,746,10-05-2023,Phoenix
1220,361,949,25-06-2023,New York
1221,200,764,27-04-2020,Chicago
1222,334,295,09-01-2020,Houston
1223,161,451,20-08-2021,Phoenix
1224,87,834,23-01-2020,Los Angeles
1225,21,518,27-08-2020,Phoenix
1226,311,21,27-01-2020,Los Angeles
1227,76,73,10-09-2022,Houston
1228,441,842,09-01-2023,Chicago
1229,386,36,17-07-2020,New York
1230,141,507,13-02-2022,Phoenix
1231,126,899,01-04-2020,Los Angeles
1232,251,233,30-04-2022,Houston
1233,388,728,12-01-2023,New York
1234,84,982,26-10-2020,Houston
1235,434,497,22-10-2020,Chicago
1236,371,206,08-10-2021,New York
1237,48,426,28-07-2023,New York
1238,379,941,27-09-2022,New York
1239,78,44,18-12-2022,Los Angeles
1240,30,91,27-06-2022,New York
1241,285,929,20-05-2022,Houston
1242,136,828,27-09-2023,Los Angeles
1243,140,470,22-01-2022,New York
1244,41,605,07-12-2020,Houston
1245,486,467,02-03-2020,Houston
1246,282,851,14-02-2022,Phoenix
1247,50,454,16-09-2021,Houston
1248,258,595,23-12-2023,Chicago
1249,311,333,12-09-2020,New York
1250,360,507,07-04-2022,New York
1251,440,794,10-10-2022,New York
1252,270,470,02-10-2023,Houston
1253,134,21,20-08-2023,Houston
1254,234,228,06-09-2021,New York
1255,128,376,01-09-2020,Los Angeles
1256,104,130,26-01-2022,Los Angeles
1257,254,687,03-04-2022,Chicago
1258,95,620,18-02-2022,Phoenix
1259,337,414,01-01-2022,Chicago
1260,217,795,06-12-2023,New York
1261,61,71,27-05-2022,New York
1262,480,404,25-05-2023,New York
1263,268,562,30-05-2021,Phoenix
1264,241,607,18-04-2021,Houston
1265,13,791,05-02-2020,Phoenix
1266,147,397,16-04-2023,Chicago
1267,428,337,11-11-2023,Houston
1268,240,644,06-11-2022,Houston
1269,89,505,09-04-2022,Chicago
1270,95,910,07-12-2022,Houston
1271,315,276,21-12-2022,Los Angeles
1272,293,892,28-12-2022,Chicago
1273,25,13,31-12-2020,Chicago
1274,272,3,31-03-2023,Los Angeles
1275,166,986,02-08-2022,Phoenix
1276,427,986,02-09-2022,Phoenix
1277,497,978,06-03-2021,Phoenix
1278,250,224,08-05-2022,Houston
1279,87,974,17-08-2020,Los Angeles
1280,142,175,04-01-2021,Chicago
1281,134,899,26-06-2020,Chicago
1282,473,385,04-12-2023,Chicago
1283,279,602,21-07-2021,Houston
1284,126,920,17-07-2023,Houston
1285,316,241,14-05-2023,Phoenix
1286,491,547,03-03-2022,Houston
1287,396,14,18-06-2022,Phoenix
1288,141,195,01-09-2022,Phoenix
1289,356,397,22-03-2020,Chicago
1290,103,431,25-04-2022,Houston
1291,226,306,31-01-2022,Phoenix
1292,390,334,01-05-2023,Los Angeles
1293,63,725,09-09-2021,Los Angeles
1294,294,410,27-04-2023,Houston
1295,384,3,23-07-2023,Chicago
1296,306,691,02-01-2023,Chicago
1297,254,552,30-10-2022,Phoenix
1298,180,452,03-08-2020,Houston
1299,40,676,16-10-2020,Los Angeles
1300,264,819,20-03-2021,Phoenix
1301,189,747,11-07-2022,Phoenix
1302,8,769,05-07-2021,New York
1303,104,872,11-07-2020,Houston
1304,225,495,15-10-2020,Phoenix
1305,34,417,05-08-2021,Los Angeles
1306,236,391,13-03-2023,New York
1307,463,373,13-11-2023,Los Angeles
1308,228,628,01-12-2023,Chicago
1309,188,52,25-10-2023,New York
1310,313,376,06-05-2022,New York
1311,483,395,19-02-2022,Phoenix
1312,430,923,14-06-2022,Chicago
1313,22,142,08-07-2022,Phoenix
1314,343,86,17-07-2021,Houston
1315,40,464,13-01-2020,Los Angeles
1316,173,46,13-09-2022,Los Angeles
1317,439,844,05-12-2020,Phoenix
1318,179,238,14-05-2022,Los Angeles
1319,86,10,07-11-2020,Los Angeles
1320,133,664,02-01-2022,Houston
1321,351,573,01-02-2023,Chicago
1322,13,530,04-12-2020,New York
1323,28,598,06-05-2023,Phoenix
1324,84,649,26-10-2020,Phoenix
1325,481,913,24-12-2020,Houston
1326,464,742,23-10-2023,Houston
1327,318,640,17-06-2020,New York
1328,349,616,18-03-2023,Chicago
1329,343,698,30-01-2022,Phoenix
1330,280,909,06-02-2022,Houston
1331,354,178,08-09-2022,Phoenix
1332,263,869,11-02-2020,Los Angeles
1333,166,6,20-07-2020,Phoenix
1334,293,853,27-08-2022,Chicago
1335,68,307,21-06-2023,Chicago
1336,226,548,08-04-2021,Phoenix
1337,170,327,24-03-2021,Los Angeles
1338,86,356,01-07-2022,Chicago
1339,133,793,08-03-2022,Houston
1340,448,395,04-03-2022,Phoenix
1341,178,300,12-03-2021,Los Angeles
1342,490,526,14-06-2021,Houston
1343,343,749,18-07-2021,Phoenix
1344,252,285,20-07-2023,Los Angeles
1345,15,330,24-12-2023,Houston
1346,223,50,21-05-2022,Chicago
1347,379,773,31-07-2020,Phoenix
1348,201,968,06-08-2022,Phoenix
1349,107,622,01-02-2023,Chicago
1350,250,709,10-07-2020,New York
1351,437,378,04-11-2023,Houston
1352,409,764,09-01-2023,Chicago
1353,89,600,05-12-2021,Phoenix
1354,125,1000,02-07-2021,Houston
1355,113,825,01-11-2023,Houston
1356,469,538,02-06-2020,New York
1357,137,774,24-07-2021,Phoenix
1358,247,144,27-08-2020,Los Angeles
1359,496,60,08-01-2021,New York
1360,166,868,15-03-2022,New York
1361,150,780,09-03-2022,Los Angeles
1362,363,75,12-05-2023,Los Angeles
1363,343,3,02-09-2021,New York
1364,433,575,05-10-2023,Houston
1365,68,748,18-11-2021,Chicago
1366,221,448,12-02-2022,Chicago
1367,271,958,22-05-2020,New York
1368,321,741,27-04-2023,Houston
1369,310,902,28-09-2020,Los Angeles
1370,414,275,16-08-2023,New York
1371,349,530,01-03-2021,Phoenix
1372,20,592,15-02-2020,Houston
1373,289,215,04-04-2020,Phoenix
1374,489,683,04-03-2020,Phoenix
1375,492,485,16-02-2021,New York
1376,100,329,29-10-2022,Houston
1377,252,255,03-04-2021,Phoenix
1378,470,387,03-12-2023,Houston
1379,77,126,14-04-2021,Chicago
1380,135,767,20-03-2022,Phoenix
1381,392,584,20-05-2021,Phoenix
1382,412,550,01-01-2023,Houston
1383,173,324,24-03-2020,Chicago
1384,363,204,28-02-2020,Phoenix
1385,201,172,10-11-2022,New York
1386,217,735,06-07-2022,Houston
1387,376,217,05-06-2020,Houston
1388,208,245,14-09-2023,Phoenix
1389,74,336,29-07-2021,Chicago
1390,11,703,16-04-2022,Phoenix
1391,287,298,10-11-2021,Los Angeles
1392,256,832,21-07-2020,Phoenix
1393,12,182,03-02-2023,Los Angeles
1394,380,334,19-02-2023,New York
1395,479,511,13-11-2020,Houston
1396,78,383,20-04-2023,Houston
1397,435,717,01-09-2023,Chicago
1398,172,873,09-02-2021,Phoenix
1399,96,199,12-09-2022,New York
1400,306,332,06-08-2022,Los Angeles
1401,373,165,29-12-2022,Chicago
1402,273,242,29-03-2023,New York
1403,419,900,17-06-2023,New York
1404,385,642,07-03-2023,Los Angeles
1405,413,227,09-05-2021,Los Angeles
1406,179,634,09-11-2021,Houston
1407,64,556,24-06-2023,Phoenix
1408,132,451,20-06-2023,Chicago
1409,343,196,21-09-2023,Phoenix
1410,412,870,16-12-2023,Chicago
1411,272,204,14-04-2022,New York
1412,319,979,12-07-2020,Los Angeles
1413,332,458,03-11-2020,Los Angeles
1414,437,830,20-05-2021,New York
1415,341,257,07-10-2020,New York
1416,109,529,05-11-2021,Chicago
1417,273,272,21-07-2022,New York
1418,168,9,15-12-2021,Chicago
1419,397,761,30-08-2021,Phoenix
1420,180,949,27-04-2021,Los Angeles
1421,58,201,31-05-2023,Los Angeles
1422,480,59,26-04-2020,Los Angeles
1423,421,887,25-08-2022,Phoenix
1424,498,393,10-07-2020,Phoenix
1425,79,652,26-02-2022,Houston
1426,460,119,09-09-2021,Chicago
1427,61,553,30-05-2021,Chicago
1428,369,399,02-11-2020,Houston
1429,121,834,15-06-2021,Los Angeles
1430,207,331,01-05-2020,Chicago
1431,34,267,10-10-2021,Chicago
1432,70,520,14-08-2021,Los Angeles
1433,17,695,23-03-2023,New York
1434,496,480,19-05-2022,New York
1435,497,134,07-04-2023,Houston
1436,20,693,28-02-2020,Phoenix
1437,457,916,27-10-2020,Chicago
1438,315,935,06-07-2021,Chicago
1439,69,355,14-02-2023,Houston
1440,215,584,24-02-2023,Houston
1441,161,498,29-11-2023,Chicago
1442,102,625,02-02-2021,Los Angeles
1443,376,107,29-05-2021,Los Angeles
1444,206,290,15-03-2022,Phoenix
1445,145,825,12-05-2021,Chicago
1446,57,629,30-07-2022,Chicago
1447,83,632,11-06-2021,Chicago
1448,481,147,01-02-2021,Chicago
1449,385,327,12-07-2023,Houston
1450,269,415,10-07-2023,New York
1451,494,210,22-11-2023,Chicago
1452,411,296,11-03-2021,New York
1453,454,398,19-04-2022,Los Angeles
1454,187,103,25-12-2020,Phoenix
1455,6,636,26-02-2023,Los Angeles
1456,353,757,13-05-2022,Chicago
1457,350,508,25-09-2021,Los Angeles
1458,110,891,18-06-2023,Houston
1459,483,868,30-05-2023,New York
1460,407,209,01-08-2020,Chicago
1461,138,933,04-07-2022,Houston
1462,51,428,14-08-2021,New York
1463,403,393,14-05-2020,Houston
1464,51,826,23-01-2022,Los Angeles
1465,476,916,20-01-2021,Chicago
1466,87,109,19-08-2023,Los Angeles
1467,68,889,03-08-2023,Phoenix
1468,84,348,27-04-2023,Chicago
1469,467,50,13-08-2023,Los Angeles
1470,42,916,23-01-2021,Chicago
1471,219,105,13-01-2022,New York
1472,57,420,08-07-2023,Chicago
1473,226,373,04-12-2021,Chicago
1474,196,27,13-07-2022,New York
1475,248,968,11-02-2022,Los Angeles
1476,166,800,10-02-2023,Chicago
1477,62,769,13-05-2022,Houston
1478,263,273,25-11-2022,Chicago
1479,112,649,19-03-2020,Los Angeles
1480,253,340,22-07-2023,New York
1481,199,301,25-07-2023,Los Angeles
1482,178,480,04-11-2021,Phoenix
1483,436,834,07-11-2020,Chicago
1484,26,544,22-07-2020,Chicago
1485,410,557,11-09-2022,New York
1486,246,265,17-01-2020,Chicago
1487,19,542,20-04-2021,Houston
1488,265,596,13-10-2022,Houston
1489,317,166,28-07-2020,Los Angeles
1490,20,316,13-05-2021,New York
1491,106,1,26-11-2023,Phoenix
1492,237,761,04-03-2021,Los Angeles
1493,306,261,06-01-2023,New York
1494,464,63,08-01-2023,New York
1495,246,483,22-08-2023,Los Angeles
1496,81,676,27-02-2020,Los Angeles
1497,150,321,16-05-2023,Chicago
1498,397,846,04-03-2023,Phoenix
1499,396,201,20-09-2022,Houston
1500,10,222,05-06-2021,Chicago
